Commune,mean
VERRIERES-LE-BUISSON,5481.0
COURCELLES-EN-BASSEE,1699.0
MAUCHAMPS,3109.0
LAGNY-SUR-MARNE,4050.0
ARCUEIL,6264.0
SAINT-HILLIERS,2076.0
SAINT-PATHUS,3029.0
GRESSY,3518.0
GUYANCOURT,4140.0
SAINT-GERMAIN-SUR-ECOLE,2796.0
MENNECY,3219.0
TORFOU,2905.0
SOISY-SOUS-MONTMORENCY,4549.0
BOISSISE-LE-ROI,3062.0
CONDE-SAINTE-LIBIAIRE,3551.0
SERVON,3701.0
REAU,3142.0
ONCY-SUR-ECOLE,2741.0
FONTAINS,1604.0
PLESSIS-SAINT-BENOIST,1903.0
PONTCARRE,3641.0
VIGNY,3089.0
COURCELLES-SUR-VIOSNE,3224.0
NEAUPHLETTE,2507.0
LEUDEVILLE,3219.0
MAUREPAS,3234.0
ORVILLIERS,2700.0
SAINT-CYR-EN-ARTHIES,2428.0
LONGNES,2382.0
AUVERS-SUR-OISE,3829.0
BELLOY-EN-FRANCE,3374.0
GRISY-LES-PLATRES,3121.0
MARCHEMORET,3253.0
LA CROIX-EN-BRIE,1626.0
SCEAUX,7549.0
PARMAIN,3628.0
BEAUMONT-SUR-OISE,3170.0
VALENCE-EN-BRIE,2077.0
BOUGIVAL,6181.0
MONTALET-LE-BOIS,2651.0
VAYRES-SUR-ESSONNE,3394.0
GOUPILLIERES,3565.0
CLAYE-SOUILLY,3573.0
ORLY,4253.0
ARNOUVILLE-LES-MANTES,2628.0
LA BOISSIERE-ECOLE,3006.0
COUTENCON,1960.0
BRETIGNY-SUR-ORGE,3383.0
CREGY-LES-MEAUX,3144.0
FAREMOUTIERS,2575.0
PUISIEUX,2253.0
GROSLAY,3694.0
CHAINTREAUX,1997.0
MONDREVILLE,1781.0
LE TARTRE-GAUDRAN,
VILLEMOISSON-SUR-ORGE,3797.0
LA FERTE-SOUS-JOUARRE,2389.0
HONDEVILLIERS,2057.0
NOISY-SUR-OISE,3079.0
LES ECRENNES,2682.0
FLEXANVILLE,2979.0
PRUNAY-SUR-ESSONNE,2538.0
CARRIERES-SUR-SEINE,6007.0
LA NORVILLE,3338.0
CELY,3304.0
GAZERAN,3406.0
CARNETIN,3832.0
LE PLESSIS-PATE,3372.0
VILLAINES-SOUS-BOIS,3499.0
MARLY-LE-ROI,5542.0
BRIE-COMTE-ROBERT,3690.0
CHEVREUSE,4094.0
LA TOMBE,1834.0
NOINTEL,3464.0
LES ORMES-SUR-VOULZIE,2018.0
TRAPPES,3213.0
MEDAN,4425.0
CORBREUSE,2821.0
LARDY,3308.0
ATTAINVILLE,3197.0
VARENNES-JARCY,3661.0
CHARMONT,
AUFFARGIS,3467.0
NEUFMOUTIERS-EN-BRIE,3146.0
MONTIGNY-LENCOUP,1761.0
MAISONS-ALFORT,6435.0
VILLIERS-SOUS-GREZ,2674.0
ERMONT,4645.0
VAUJOURS,3486.0
CHATILLON,6794.0
VILLEMARECHAL,1896.0
CHANTELOUP-EN-BRIE,4056.0
GRANDPUITS-BAILLY-CARROIS,2288.0
RICHEBOURG,3017.0
OLLAINVILLE,3561.0
BALLAINVILLIERS,3920.0
DEUIL-LA-BARRE,4238.0
BOISSY-LA-RIVIERE,2438.0
DOUE,1751.0
LONGPERRIER,3510.0
ASNIERES-SUR-SEINE,7314.0
VAUDHERLAND,2484.0
SAINT-AUGUSTIN,2587.0
LE PERREUX-SUR-MARNE,6343.0
MELZ-SUR-SEINE,1543.0
EPONE,3118.0
CHAMPLAN,4015.0
VILLIERS-LE-SEC,2593.0
THEMERICOURT,3881.0
BEHOUST,3147.0
JUVISY-SUR-ORGE,3834.0
VILLIERS-LE-MAHIEU,3332.0
COURTOMER,2818.0
JAULNES,1789.0
LOMMOYE,1977.0
CROUY-SUR-OURCQ,2278.0
LA CHAPELLE-RABLAIS,2039.0
URY,2533.0
ABLIS,2717.0
SANTEUIL,3457.0
CERNEUX,1748.0
SEPT-SORTS,2496.0
RECLOSES,2791.0
COLOMBES,6825.0
LIVRY-SUR-SEINE,3068.0
SAINT-LOUP-DE-NAUD,1616.0
BAILLY-ROMAINVILLIERS,4360.0
BROUY,2134.0
FONTENAY-MAUVOISIN,2672.0
MOUY-SUR-SEINE,1512.0
PARIS-9E-ARRONDISSEMENT,11829.0
EGREVILLE,1735.0
POMPONNE,3824.0
BOUGLIGNY,1684.0
VENEUX-LES-SABLONS,
AMILLIS,1785.0
FRESNES-SUR-MARNE,3556.0
HAUTEFEUILLE,2909.0
PIERREFITTE-SUR-SEINE,3240.0
SAINT-GERMAIN-SOUS-DOUE,1935.0
SOGNOLLES-EN-MONTOIS,1913.0
SAINT-JUST-EN-BRIE,2161.0
BIEVRES,5355.0
SAINT-MARTIN-DU-TERTRE,3037.0
SACLAY,4870.0
LE PLESSIS-FEU-AUSSOUX,2518.0
ANGERVILLIERS,3346.0
SAINT-MESMES,3283.0
SAINT-MARD,3386.0
NUCOURT,2901.0
BEAUMONT-DU-GATINAIS,1326.0
GOURNAY-SUR-MARNE,4487.0
PENCHARD,2933.0
ADAINVILLE,3450.0
FOSSES,2965.0
MERIEL,3613.0
ENNERY,3501.0
FONTENAY-LE-VICOMTE,3340.0
CUISY,2758.0
CITRY,1588.0
CHALIFERT,3852.0
BARBIZON,4465.0
GARANCIERES,3526.0
SUCY-EN-BRIE,4585.0
LES MOLIERES,3839.0
BOURDONNE,2810.0
VILLERS-EN-ARTHIES,2805.0
CHAVENAY,4446.0
LE PERCHAY,3176.0
AUTEUIL,3094.0
FLEURY-MEROGIS,3200.0
NOISIEL,3636.0
ANDREZEL,2437.0
BOURRON-MARLOTTE,3559.0
TROCY-EN-MULTIEN,2143.0
ACHERES-LA-FORET,2874.0
SAINTE-AULDE,2140.0
PARIS-2E-ARRONDISSEMENT,12106.0
PARIS-11E-ARRONDISSEMENT,10995.0
SAINT-LAMBERT,3938.0
LE MESNIL-AUBRY,3047.0
VILLIERS-LE-BACLE,3937.0
GALLUIS,3969.0
MAUREGARD,3478.0
HEDOUVILLE,3234.0
BUNO-BONNEVAUX,2748.0
BOISSY-MAUVOISIN,2291.0
MAISONCELLES-EN-GATINAIS,1426.0
LES MUREAUX,2821.0
CLAIREFONTAINE-EN-YVELINES,3168.0
MALAKOFF,7849.0
DONNEMARIE-DONTILLY,1768.0
SAINT-BRICE-SOUS-FORET,3705.0
SAINT-GERMAIN-LAXIS,2936.0
CHANGIS-SUR-MARNE,2618.0
MEZY-SUR-SEINE,2859.0
BOIS-LE-ROI,4331.0
BOULEURS,3297.0
GUERNES,2544.0
FONTENAILLES,2365.0
NOYEN-SUR-SEINE,1509.0
BRAY-SUR-SEINE,1689.0
MARCILLY,2702.0
FONTAINEBLEAU,4795.0
MAY-EN-MULTIEN,1850.0
CHAMPCUEIL,3178.0
JANVRY,3931.0
POINCY,2806.0
MONTAINVILLE,3593.0
PUISEUX-PONTOISE,4405.0
BREUIL-BOIS-ROBERT,2758.0
ORPHIN,2632.0
BONDY,3647.0
LE PLESSIS-PLACY,1745.0
SAINT-CLOUD,8462.0
DOUY-LA-RAMEE,3202.0
BONNEUIL-SUR-MARNE,4659.0
CREVECOEUR-EN-BRIE,2521.0
SAINT-HILAIRE,2849.0
FAVRIEUX,1589.0
ANDILLY,3936.0
VILLETANEUSE,3428.0
MACHAULT,2736.0
BABY,1826.0
MANTES-LA-JOLIE,2934.0
ANTONY,6168.0
SAULX-LES-CHARTREUX,3813.0
ROLLEBOISE,2374.0
CORMEILLES-EN-VEXIN,3614.0
MAROLLES-EN-BRIE,3522.0
LA TRETOIRE,1839.0
BEAUCHAMP,4361.0
VICQ,2608.0
VAIRES-SUR-MARNE,4270.0
MERY-SUR-OISE,3671.0
PALEY,2107.0
AUTOUILLET,3128.0
SAILLY,2592.0
LIEUSAINT,3400.0
LES LOGES-EN-JOSAS,5054.0
CHEPTAINVILLE,3223.0
COURPALAY,2434.0
CHAUFFOUR-LES-ETRECHY,2749.0
CHAMPDEUIL,2970.0
VILLECONIN,3174.0
LA ROCHETTE,3147.0
MONTIGNY-LE-BRETONNEUX,4479.0
PARIS-3E-ARRONDISSEMENT,12714.0
MOUROUX,2586.0
PIERRE-LEVEE,2704.0
PEZARCHES,3283.0
BUCHELAY,2977.0
MANTES-LA-VILLE,2690.0
OZOUER-LE-VOULGIS,2941.0
LUZARCHES,3610.0
BOISSETTES,4234.0
VERNEUIL-SUR-SEINE,4114.0
GARENTREVILLE,2544.0
FORFRY,3019.0
WISSOUS,4707.0
L'ISLE-ADAM,4636.0
SAINT-PRIX,4317.0
MAREIL-MARLY,6407.0
PARIS-6E-ARRONDISSEMENT,15377.0
SAINT-HILARION,2888.0
MONTFERMEIL,3629.0
MONTCEAUX-LES-PROVINS,1355.0
LES ULIS,2517.0
LA FERTE-GAUCHER,1902.0
AUVERNAUX,3086.0
VIARMES,3398.0
CRECY-LA-CHAPELLE,3039.0
PERDREAUVILLE,2598.0
EPINAY-SUR-SEINE,3400.0
RAMBOUILLET,3879.0
LE MESNIL-LE-ROI,6205.0
CHEVANNES,3096.0
HAUTE-ISLE,2612.0
BALLOY,1904.0
BOURAY-SUR-JUINE,3241.0
MONNERVILLE,2457.0
VILLEBON-SUR-YVETTE,4016.0
LE VESINET,7755.0
TANCROU,1508.0
FLINS-SUR-SEINE,3154.0
BOULOGNE-BILLANCOURT,9520.0
OSMOY,3207.0
PALAISEAU,4836.0
TOUSSON,1833.0
MOURS,2988.0
BRUNOY,4109.0
BRIERES-LES-SCELLES,2820.0
GUIRY-EN-VEXIN,2790.0
CHAILLY-EN-BRIE,1879.0
PARIS-19E-ARRONDISSEMENT,9316.0
AMENUCOURT,3195.0
BEZONS,4727.0
PARIS-20E-ARRONDISSEMENT,9719.0
CHARTRETTES,3724.0
BUTHIERS,2158.0
VAUDOY-EN-BRIE,2512.0
HARDRICOURT,3004.0
PISCOP,3739.0
AMPONVILLE,2498.0
LIVERDY-EN-BRIE,2899.0
LAVAL-EN-BRIE,1915.0
GASTINS,2652.0
THIVERVAL-GRIGNON,4134.0
CHALAUTRE-LA-PETITE,1905.0
USSY-SUR-MARNE,2831.0
BULLION,3514.0
ISSY-LES-MOULINEAUX,8572.0
MEULAN-EN-YVELINES,2764.0
REBAIS,2026.0
MONTMAGNY,3442.0
GRISY-SUISNES,3507.0
COULOMBS-EN-VALOIS,1989.0
REMAUVILLE,1836.0
GENAINVILLE,3007.0
CRAVENT,2383.0
LA GRANDE-PAROISSE,2417.0
COIGNIERES,3537.0
MILLEMONT,3529.0
VIEILLE-EGLISE-EN-YVELINES,3026.0
COURANCES,3076.0
HERICY,3439.0
CLERY-EN-VEXIN,2996.0
NOISY-LE-ROI,5416.0
LIZY-SUR-OURCQ,2199.0
SAINT-CYR-LA-RIVIERE,2212.0
MAGNY-LES-HAMEAUX,3876.0
CHALO-SAINT-MARS,2303.0
CHARS,2848.0
PRESLES-EN-BRIE,3393.0
GRAVON,2244.0
FRENEUSE,2577.0
CLICHY-SOUS-BOIS,3246.0
LE COUDRAY-MONTCEAUX,3169.0
MILLY-LA-FORET,3282.0
BOISSY-LE-SEC,2282.0
LA GARENNE-COLOMBES,7418.0
LA CELLE-SUR-MORIN,2849.0
JABLINES,3464.0
VERT-SAINT-DENIS,3202.0
LA CHAPELLE-LA-REINE,2360.0
LEUVILLE-SUR-ORGE,3338.0
TILLY,2242.0
SACLAS,2592.0
LE BLANC-MESNIL,4017.0
VERT-LE-PETIT,3225.0
GOUVERNES,4017.0
LOGNES,3553.0
COMPANS,2868.0
PONTHEVRARD,2937.0
OBSONVILLE,1405.0
FROUVILLE,10132.0
FAVIERES,3482.0
BOINVILLIERS,2544.0
OCQUERRE,2073.0
BOIGNEVILLE,2695.0
VILLEJUST,3860.0
LASSY,2266.0
ORGEVAL,4780.0
CHERENCE,2799.0
PROVINS,2113.0
VAUHALLAN,5189.0
GAGNY,3956.0
PARIS-15E-ARRONDISSEMENT,10758.0
SEVRES,7235.0
VILLENOY,3454.0
BAZAINVILLE,2650.0
SAINT-LEGER-EN-YVELINES,3520.0
EPISY,
FLEURY-EN-BIERE,4329.0
BOISSISE-LA-BERTRAND,3433.0
SAINT-CLAIR-SUR-EPTE,2085.0
SANNOIS,4515.0
HEROUVILLE,3240.0
PARAY-VIEILLE-POSTE,4254.0
GROSROUVRE,4824.0
MENUCOURT,3479.0
BLANDY,2208.0
VERT,2914.0
FORGES-LES-BAINS,3341.0
EVRY,2731.0
NOISY-RUDIGNON,1690.0
GUILLERVAL,2428.0
CHAMPMOTTEUX,2146.0
CHATEAUFORT,4745.0
ECHARCON,3045.0
TOUQUIN,2702.0
LA ROCHE-GUYON,2586.0
GUERMANTES,4459.0
SAINT-OUEN-EN-BRIE,2677.0
CHAMPS-SUR-MARNE,4182.0
BOUTERVILLIERS,2589.0
ASNIERES-SUR-OISE,3471.0
BURES-SUR-YVETTE,4509.0
LE PERRAY-EN-YVELINES,3632.0
COURDIMANCHE-SUR-ESSONNE,2535.0
FERICY,2770.0
GESVRES-LE-CHAPITRE,2680.0
FONTENAY-LE-FLEURY,4312.0
SAULX-MARCHAIS,3481.0
ROUILLY,2210.0
VANVILLE,1984.0
CORMEILLES-EN-PARISIS,4534.0
MONTFORT-L'AMAURY,4382.0
MENERVILLE,
FRESNES,4533.0
PUISELET-LE-MARAIS,3078.0
MONTENILS,3500.0
WY-DIT-JOLI-VILLAGE,3277.0
MAULETTE,3026.0
MAROLLES-EN-BRIE,2922.0
TIGEAUX,3177.0
SAINT-MAUR-DES-FOSSES,6936.0
SAINT-DENIS-LES-REBAIS,2093.0
MOUSSY,2788.0
VALLANGOUJARD,3187.0
SOISY-SUR-SEINE,3465.0
MORET-SUR-LOING,2880.0
ESBLY,3623.0
SEVRAN,3331.0
TESSANCOURT-SUR-AUBETTE,3044.0
BANTHELU,2694.0
SAINT-CHERON,3144.0
L'ILE-SAINT-DENIS,4056.0
FONTAINE-LE-PORT,3207.0
ARGENTEUIL,3971.0
SEINE-PORT,3183.0
LA CELLE-SAINT-CLOUD,6413.0
CRISENOY,2847.0
THEUVILLE,
VILLERON,3397.0
DAMMARTIN-EN-SERVE,2533.0
PORT-VILLEZ,
MOUSSY-LE-VIEUX,3332.0
CONFLANS-SAINTE-HONORINE,4362.0
PUTEAUX,7964.0
VILLIERS-SUR-ORGE,3778.0
OZOIR-LA-FERRIERE,3925.0
BOUQUEVAL,3637.0
GOUSSAINVILLE,3579.0
SAINTE-GENEVIEVE-DES-BOIS,3727.0
BOISSY-SAINT-LEGER,3696.0
BUTRY-SUR-OISE,3943.0
LARCHANT,2600.0
ESMANS,1998.0
ROCQUENCOURT,
BOULLAY-LES-TROUX,3824.0
SAINT-THIBAULT-DES-VIGNES,3703.0
LABBEVILLE,2976.0
ORLY-SUR-MORIN,1865.0
GAMBAISEUIL,
SAVIGNY-LE-TEMPLE,2898.0
NOGENT-SUR-MARNE,7091.0
JUMEAUVILLE,3342.0
MAGNY-LE-HONGRE,4465.0
ETIOLLES,3586.0
HOUILLES,5763.0
COMMENY,2529.0
LE BELLAY-EN-VEXIN,2832.0
GUERCHEVILLE,1818.0
PONTOISE,3777.0
VILLENEUVE-SOUS-DAMMARTIN,2500.0
ROCHEFORT-EN-YVELINES,3051.0
MAISON-ROUGE,2000.0
RAMPILLON,1974.0
LE PLESSIS-BOUCHARD,4227.0
ETRECHY,3177.0
SEPTEUIL,2767.0
MOISSON,2437.0
LE BOURGET,3732.0
MOIGNY-SUR-ECOLE,3233.0
BOISSY-LE-CUTTE,2777.0
SERAINCOURT,3012.0
BEZALLES,1692.0
AULNOY,2316.0
SAINT-REMY-LA-VANNE,1931.0
ORVEAU,3016.0
VEMARS,3309.0
SAINT-FARGEAU-PONTHIERRY,3145.0
PERSAN,3028.0
BELLEFONTAINE,3194.0
MONTEREAU-FAULT-YONNE,2121.0
VILLEBEON,2177.0
BEAUTHEIL,
FOURQUEUX,
CHATRES,2731.0
LE MESNIL-SAINT-DENIS,3674.0
JUILLY,3164.0
CLAMART,7240.0
RAIZEUX,2798.0
SOLERS,3142.0
MONTROUGE,8368.0
MONTLHERY,3598.0
MONTREUIL,6987.0
RIS-ORANGIS,3120.0
VILLEPARISIS,3478.0
HERME,1673.0
CHENNEVIERES-LES-LOUVRES,3310.0
TIGERY,3534.0
GOUSSONVILLE,3112.0
ENGHIEN-LES-BAINS,5970.0
EZANVILLE,3770.0
COURQUETAINE,2523.0
SEUGY,3410.0
BARCY,3398.0
BUSSY-SAINT-GEORGES,4355.0
GUIGNEVILLE-SUR-ESSONNE,2822.0
COCHEREL,2019.0
FORGES,2084.0
MEZIERES-SUR-SEINE,3188.0
BRAY-ET-LU,2431.0
LORREZ-LE-BOCAGE-PREAUX,2048.0
SAINT-REMY-LES-CHEVREUSE,4528.0
VILLE-SAINT-JACQUES,2385.0
MONTARLOT,
LAINVILLE-EN-VEXIN,2816.0
LINAS,3429.0
NOISY-LE-GRAND,4583.0
VETHEUIL,3067.0
PARIS-5E-ARRONDISSEMENT,13018.0
MAUDETOUR-EN-VEXIN,2831.0
MONTIGNY-SUR-LOING,3462.0
AUGERS-EN-BRIE,1572.0
FUBLAINES,3035.0
DIANT,1534.0
TAVERNY,4206.0
VILLENEUVE-LES-BORDES,2426.0
SAINTS,2569.0
GOMETZ-LE-CHATEL,3628.0
PASSY-SUR-SEINE,2099.0
BONNEUIL-EN-FRANCE,3288.0
MONTGEROULT,3034.0
LE VAL-SAINT-GERMAIN,2978.0
VITRY-SUR-SEINE,4887.0
THOURY-FEROTTES,2061.0
L'ETANG-LA-VILLE,5839.0
YEBLES,3171.0
VILLIERS-SUR-MARNE,4598.0
ARBONNE-LA-FORET,3251.0
VIMPELLES,2126.0
FREPILLON,4059.0
CHENNEVIERES-SUR-MARNE,4551.0
ECHOUBOULAINS,2448.0
SABLONNIERES,1713.0
BEAUCHERY-SAINT-MARTIN,1327.0
AVERNES,2980.0
CONDE-SUR-VESGRE,3054.0
FRANCONVILLE,4082.0
VILLEVAUDE,3450.0
BOURG-LA-REINE,6684.0
DORMELLES,2366.0
CONDECOURT,2726.0
MITTAINVILLE,2789.0
LUISETAINES,2090.0
MONTREUIL-SUR-EPTE,2777.0
DANNEMARIE,3272.0
BOISSY-SANS-AVOIR,3030.0
VOISINS-LE-BRETONNEUX,4738.0
PARIS-7E-ARRONDISSEMENT,15384.0
LA FRETTE-SUR-SEINE,4444.0
CIVRY-LA-FORET,3159.0
CHAMIGNY,2550.0
SIGNY-SIGNETS,2574.0
SOIGNOLLES-EN-BRIE,2981.0
JOINVILLE-LE-PONT,6693.0
CHATEAUBLEAU,1832.0
DRANCY,3970.0
MORAINVILLIERS,3985.0
COURTRY,3579.0
JOUY-MAUVOISIN,2962.0
COURBEVOIE,7730.0
PUISEUX-EN-FRANCE,2957.0
CHATEAU-LANDON,1848.0
MEAUX,3145.0
MONTCEAUX-LES-MEAUX,2185.0
COUBERT,3368.0
BOISSY-L'AILLERIE,3278.0
ERAGNY,3529.0
TRILPORT,2899.0
NAINVILLE-LES-ROCHES,3225.0
BREAU,2762.0
LE KREMLIN-BICETRE,6285.0
BOUTIGNY-SUR-ESSONNE,2966.0
ARRANCOURT,1756.0
THIEUX,2813.0
TOUSSUS-LE-NOBLE,4826.0
MORSANG-SUR-SEINE,3510.0
LES MESNULS,4659.0
BALLANCOURT-SUR-ESSONNE,3343.0
SAINT-GERMAIN-LES-ARPAJON,3412.0
VILLENEUVE-LE-COMTE,3606.0
ROSAY,2422.0
LIMETZ-VILLEZ,2479.0
LA COURNEUVE,3837.0
BERNES-SUR-OISE,3032.0
LONGJUMEAU,3588.0
JEUFOSSE,3122.0
PERIGNY,3856.0
VILLENEUVE-SAINT-GEORGES,3285.0
ORMOY,3304.0
MERY-SUR-MARNE,1976.0
JOUY-EN-JOSAS,5884.0
MONTEVRAIN,4436.0
SAINT-MANDE,9577.0
VANVES,7610.0
LOUAN-VILLEGRUIS-FONTAINE,1395.0
CARRIERES-SOUS-POISSY,3677.0
VILLIERS-SUR-MORIN,3233.0
EPINAY-CHAMPLATREUX,2671.0
BOIS-D'ARCY,4263.0
CHAUCONIN-NEUFMONTIERS,3223.0
VILLECERF,2438.0
VERT-LE-GRAND,3269.0
MONTEREAU-SUR-LE-JARD,2443.0
LA CHAPELLE-IGER,3033.0
LECHELLE,1691.0
MONS-EN-MONTOIS,2227.0
PRUNAY-EN-YVELINES,2590.0
MORANGIS,4124.0
TRILBARDOU,2864.0
BRIGNANCOURT,2307.0
IGNY,5046.0
AINCOURT,2606.0
LA CHAPELLE-EN-VEXIN,2885.0
SIGY,
ROUVRES,3164.0
AUBEPIERRE-OZOUER-LE-REPOS,2760.0
RUBELLES,3078.0
SAINT-ESCOBILLE,2183.0
AMBLEVILLE,2766.0
RUNGIS,4929.0
PARIS-8E-ARRONDISSEMENT,13065.0
ABLEIGES,3353.0
EGLY,3307.0
SAINT-WITZ,3359.0
SAINT-SAUVEUR-SUR-ECOLE,3248.0
OISSERY,3083.0
HERMERAY,2977.0
ROSNY-SUR-SEINE,2801.0
CLICHY,7723.0
SAINT-ARNOULT-EN-YVELINES,2926.0
SOUPPES-SUR-LOING,1810.0
LA HAUTE-MAISON,2370.0
CHAMPCENEST,2086.0
PARIS-13E-ARRONDISSEMENT,10055.0
VILLEMAREUIL,3373.0
SAINTE-COLOMBE,2044.0
SAINT-MARS-VIEUX-MAISONS,1767.0
EPINAY-SUR-ORGE,4101.0
VILLEMOMBLE,4376.0
THORIGNY-SUR-MARNE,3840.0
MAINCY,2663.0
DANNEMOIS,2690.0
MONTIGNY-LES-CORMEILLES,3995.0
SAINT-REMY-L'HONORE,3911.0
BRY-SUR-MARNE,5961.0
GRESSEY,3107.0
PARIS-12E-ARRONDISSEMENT,10327.0
LONGUESSE,3831.0
NEAUPHLE-LE-VIEUX,3502.0
SAINT-PIERRE-DU-PERRAY,3499.0
BLANDY,2486.0
BOISSY-LE-CHATEL,2601.0
CACHAN,6377.0
BAZEMONT,4047.0
FRETOY,1916.0
CHATOU,6778.0
LE PORT-MARLY,4631.0
CHAUVRY,2984.0
SARCELLES,3130.0
SAINT-BRICE,2172.0
BLARU,1885.0
BLENNES,1530.0
VILLENEUVE-SUR-AUVERS,3128.0
ESTOUCHES,
LESCHES,3302.0
VILLENAUXE-LA-PETITE,1746.0
CHAMBRY,2786.0
SAINT-MARTIN-EN-BIERE,2923.0
VILLENNES-SUR-SEINE,5309.0
THOIRY,3590.0
ROINVILLIERS,2765.0
BOISSETS,2789.0
VOINSLES,3042.0
AUBERGENVILLE,3296.0
ARVILLE,1454.0
SOINDRES,2789.0
VERNOUILLET,3999.0
LE THILLAY,3737.0
POLIGNY,2253.0
CRESPIERES,4169.0
EMERAINVILLE,3551.0
VILLENEUVE-LA-GARENNE,3843.0
ORCEMONT,2967.0
LE RAINCY,4800.0
GERMIGNY-L'EVEQUE,3264.0
NANTEUIL-SUR-MARNE,1837.0
NOZAY,3825.0
NANTEUIL-LES-MEAUX,3005.0
OINVILLE-SUR-MONTCIENT,3065.0
BRUYERES-SUR-OISE,3022.0
FREMAINVILLE,3399.0
ORMOY-LA-RIVIERE,3112.0
MOISENAY,3276.0
BREUILLET,3230.0
VILLIERS-SAINT-FREDERIC,3851.0
LONGPONT-SUR-ORGE,3370.0
SAINT-MERY,2679.0
HERBLAY,4213.0
NESLES-LA-VALLEE,3987.0
GAMBAIS,3239.0
MONTOLIVET,1923.0
CERGY,3258.0
PLAISIR,3529.0
SAINT-OUEN,6695.0
GRISY-SUR-SEINE,1973.0
PARIS-18E-ARRONDISSEMENT,10377.0
CHENOU,2026.0
SAINT-PIERRE-LES-NEMOURS,2256.0
VAUCOURTOIS,3357.0
VERDELOT,1588.0
VAUCRESSON,7200.0
AUBERVILLIERS,4419.0
MOISSELLES,3432.0
PIERRELAYE,3808.0
BAILLY,5438.0
SALINS,2202.0
DAMMARIE-LES-LYS,2923.0
DAMPIERRE-EN-YVELINES,4321.0
BOMBON,2447.0
LA CHAPELLE-MOUTILS,1801.0
VILLIERS-SUR-SEINE,1570.0
SOUZY-LA-BRICHE,4562.0
SAINT-ILLIERS-LE-BOIS,2661.0
DAVRON,4629.0
COURDIMANCHE,3633.0
MONTMACHOUX,1925.0
GOMETZ-LA-VILLE,3884.0
LES LILAS,7574.0
MONDREVILLE,2384.0
BONNIERES-SUR-SEINE,2509.0
CHEVILLY-LARUE,4652.0
MISY-SUR-YONNE,2056.0
ALLAINVILLE,1608.0
VAUGRIGNEUSE,3151.0
PECY,2374.0
NOISEAU,4101.0
COMBS-LA-VILLE,3244.0
BOIS-HERPIN,3481.0
SAINT-GERMAIN-EN-LAYE,7200.0
RONQUEROLLES,3391.0
CHAVILLE,6896.0
SAINT-GERVAIS,2872.0
MAREUIL-LES-MEAUX,3249.0
GRANDCHAMP,2080.0
EPIAIS-RHUS,3244.0
SAINT-SAUVEUR-LES-BRAY,2203.0
LE CHESNAY,6827.0
SAINT-GRATIEN,4866.0
SAINT-FORGET,3799.0
GOUZANGREZ,2689.0
MULCENT,2957.0
LOUVECIENNES,6031.0
TORCY,3558.0
MAULE,3515.0
LIMAY,2627.0
VAUX-SUR-LUNAIN,1313.0
SANCY,2966.0
EVECQUEMONT,3377.0
GENTILLY,6748.0
ANDRESY,4047.0
ETAMPES,2606.0
LE CHATELET-EN-BRIE,2878.0
BRUEIL-EN-VEXIN,2938.0
MAISONCELLES-EN-BRIE,2823.0
VILLUIS,1542.0
SAINT-GERMAIN-LAVAL,2100.0
CHARNY,3389.0
GUIBEVILLE,3481.0
DROCOURT,2326.0
ISLES-LES-VILLENOY,3124.0
CONGERVILLE-THIONVILLE,2220.0
ITTEVILLE,3230.0
LES CHAPELLES-BOURBON,3362.0
AUFFERVILLE,1870.0
SAINT-BARTHELEMY,1977.0
VIRY-CHATILLON,3651.0
VILLEROY,2995.0
MARCQ,3338.0
CROISSY-BEAUBOURG,4077.0
SAINT-MARTIN-DES-CHAMPS,2024.0
PECQUEUSE,3536.0
RUMONT,2008.0
NEUILLY-SUR-MARNE,3956.0
PARAY-DOUAVILLE,2665.0
SAINT-MAURICE,7077.0
LA QUEUE-LES-YVELINES,3419.0
PARIS-1ER-ARRONDISSEMENT,13539.0
BOINVILLE-LE-GAILLARD,2012.0
CHEVRY-COSSIGNY,3517.0
CONCHES-SUR-GONDOIRE,3622.0
BAZOCHES-LES-BRAY,1372.0
AUFFREVILLE-BRASSEUIL,3235.0
CROSNE,3916.0
ABBEVILLE-LA-RIVIERE,2304.0
TRIEL-SUR-SEINE,3631.0
GUIGNES,3027.0
POIGNY,1972.0
AULNAY-SOUS-BOIS,3948.0
JOUY-LE-MOUTIER,3307.0
SAINT-JEAN-LES-DEUX-JUMEAUX,2551.0
SONCHAMP,2680.0
MONTSOULT,3469.0
SAINT-MARTIN-LA-GARENNE,2694.0
MAISONS-LAFFITTE,7268.0
ARTHIES,2771.0
FONTENAY-SOUS-BOIS,7202.0
ALFORTVILLE,5566.0
BRIIS-SOUS-FORGES,3699.0
NANDY,3308.0
PANTIN,6500.0
MEROBERT,2070.0
BAGNEUX,5926.0
VERSAILLES,7836.0
CHATIGNONVILLE,1924.0
SAMMERON,2383.0
SURESNES,7910.0
MORIGNY-CHAMPIGNY,2973.0
MERICOURT,2336.0
VALENTON,3684.0
SAVINS,1980.0
GURCY-LE-CHATEL,1855.0
MAISSE,2811.0
BANNOST-VILLEGAGNON,2061.0
BAZOCHES-SUR-GUYONNE,4711.0
HOUDAN,3250.0
COUILLY-PONT-AUX-DAMES,3229.0
BOBIGNY,3938.0
PRUNAY-LE-TEMPLE,2494.0
GERMIGNY-SOUS-COULOMBS,1680.0
FONTENAY-EN-PARISIS,3266.0
CHARENTON-LE-PONT,8506.0
SAINT-CYR-SOUS-DOURDAN,2722.0
VALPUISEAUX,2611.0
LE PIN,3331.0
PARIS-10E-ARRONDISSEMENT,10772.0
RUEIL-MALMAISON,7494.0
LISSES,3100.0
MONTGE-EN-GOELE,2819.0
COURCOURONNES,
VILLIERS-LE-BEL,3007.0
CROISSY-SUR-SEINE,6947.0
PARIS-16E-ARRONDISSEMENT,12037.0
POMMEUSE,2501.0
GUITRANCOURT,2900.0
MORSANG-SUR-ORGE,3683.0
LEVALLOIS-PERRET,9962.0
ROISSY-EN-BRIE,3655.0
VOULTON,1504.0
LA CELLE-LES-BORDES,3244.0
MONTHYON,3041.0
LES BREVIAIRES,4033.0
COUBRON,3395.0
VIGNEUX-SUR-SEINE,3682.0
SAINT-MARTIN-DU-BOSCHET,1761.0
RUPEREUX,1499.0
JOUARS-PONTCHARTRAIN,3724.0
BERNAY-VILBERT,2756.0
LE MEE-SUR-SEINE,2573.0
GARCHES,7502.0
DAMPMART,3820.0
CHAMPAGNE-SUR-OISE,3303.0
REUIL-EN-BRIE,2175.0
CHATENAY-MALABRY,5598.0
VIGNELY,3051.0
LONGVILLIERS,2951.0
SAGY,3018.0
LA FORET-SAINTE-CROIX,2396.0
CHELLES,3948.0
SAINT-CYR-SUR-MORIN,2118.0
MARLES-EN-BRIE,3037.0
MARNES-LA-COQUETTE,8033.0
MEILLERAY,1779.0
TREMBLAY-EN-FRANCE,3490.0
AIGREMONT,4851.0
LIMOURS,3628.0
LA VILLENEUVE-EN-CHEVRIE,2960.0
BOUSSY-SAINT-ANTOINE,3562.0
ORMESSON,2017.0
COURGENT,2390.0
VERNOU-LA-CELLE-SUR-SEINE,2359.0
BENNECOURT,2215.0
VERNEUIL-L'ETANG,2739.0
OSNY,3561.0
MARCOUSSIS,3547.0
FEROLLES-ATTILLY,3384.0
LE PLESSIS-L'EVEQUE,2566.0
POIGNY-LA-FORET,3621.0
PARIS-4E-ARRONDISSEMENT,13256.0
CHESSY,4536.0
VARREDDES,2950.0
LE PLESSIS-TREVISE,4189.0
CHAMPAGNE-SUR-SEINE,2408.0
MONTDAUPHIN,1671.0
BUSSY-SAINT-MARTIN,4186.0
SAINTRY-SUR-SEINE,3395.0
BOUFFEMONT,3503.0
BETHEMONT-LA-FORET,3335.0
LES GRANGES-LE-ROI,2882.0
BOULANCOURT,1824.0
VAUREAL,3609.0
NANTEAU-SUR-ESSONNE,2741.0
LE PLESSIS-ROBINSON,6321.0
CHANTELOUP-LES-VIGNES,3409.0
NOISY-SUR-ECOLE,2977.0
FONTENAY-TRESIGNY,3076.0
JUTIGNY,1722.0
CHEVRU,2219.0
SAACY-SUR-MARNE,2536.0
ECUELLES,
GOUAIX,1880.0
CRETEIL,4718.0
BUSSIERES,1964.0
SAMOIS-SUR-SEINE,3726.0
COUTEVROULT,3332.0
SIVRY-COURTRY,2949.0
LE PLESSIS-AUX-BOIS,2203.0
MAURECOURT,4076.0
CHAUMONTEL,3557.0
BONDOUFLE,3132.0
TOURNAN-EN-BRIE,3423.0
MAUPERTHUIS,2364.0
FROMONT,2360.0
VILLIERS-ADAM,3927.0
FONTENAY-LES-BRIIS,3133.0
LA CHAPELLE-SAINT-SULPICE,2140.0
FOLLAINVILLE-DENNEMONT,2520.0
QUIERS,2290.0
FLINS-NEUVE-EGLISE,2488.0
ANDELU,3795.0
DHUISY,1841.0
STAINS,3507.0
CHALOU-MOULINEUX,2547.0
SOISY-BOUY,1890.0
SAINT-GERMAIN-LES-CORBEIL,3488.0
FONTENAY-AUX-ROSES,5627.0
BELLOT,1696.0
QUINCY-VOISINS,3138.0
LA FORET-LE-ROI,2690.0
LA CHAPELLE-GAUTHIER,2491.0
EPINAY-SOUS-SENART,2319.0
MOISSY-CRAMAYEL,3199.0
THOMERY,3243.0
LUZANCY,2050.0
BUHY,3139.0
TREUZY-LEVELAY,2240.0
MITRY-MORY,3514.0
HARGEVILLE,3141.0
JUZIERS,2890.0
CHATENOY,2850.0
MELUN,2887.0
BAULNE,3042.0
MONTESSON,5800.0
MARLY-LA-VILLE,3251.0
FOUJU,2695.0
BUC,5598.0
BEYNES,3707.0
JOSSIGNY,3625.0
ISSOU,2877.0
GIREMOUTIERS,2977.0
MONTLIGNON,3870.0
MERE,4309.0
VOISENON,2864.0
DOURDAN,2970.0
NEZEL,2788.0
CHAUMES-EN-BRIE,2787.0
MAREIL-LE-GUYON,3527.0
BREVAL,2736.0
GENNEVILLIERS,4737.0
EMANCE,2925.0
LONGUEVILLE,2194.0
ETREPILLY,2611.0
LE PLESSIS-GASSOT,4106.0
LA FERTE-ALAIS,3175.0
BROU-SUR-CHANTEREINE,3826.0
COURTACON,1821.0
VILLENEUVE-SAINT-DENIS,3696.0
GUERARD,2807.0
ECQUEVILLY,3276.0
VAUX-SUR-SEINE,3375.0
COLLEGIEN,3990.0
BREUX-JOUY,3082.0
ACHERES,3956.0
MAGNANVILLE,2758.0
ARMENTIERES-EN-BRIE,2659.0
VILLE-D'AVRAY,6978.0
SAINTE-MESME,2670.0
MAFFLIERS,3382.0
BOINVILLE-EN-MANTOIS,2694.0
GARGES-LES-GONESSE,3127.0
NEAUPHLE-LE-CHATEAU,4163.0
SERMAISE,2956.0
LES MARETS,2504.0
ELANCOURT,3317.0
MEIGNEUX,1849.0
COULOMMIERS,2602.0
VIDELLES,2854.0
BAGNOLET,6588.0
CUCHARMOY,
COURCHAMP,1497.0
VOULX,1938.0
ATHIS-MONS,4087.0
GUERVILLE,2841.0
BOUAFLE,3651.0
ROZAY-EN-BRIE,2813.0
SAINT-CYR-L'ECOLE,4827.0
CERNY,2940.0
ANGERVILLE,2149.0
BEAUVOIR,2480.0
LIMOGES-FOURCHES,3227.0
LA VERRIERE,3795.0
JAMBVILLE,2778.0
TACOIGNIERES,3031.0
VILLEPREUX,4052.0
CHAMPEAUX,2790.0
CHAMARANDE,3109.0
SERRIS,4607.0
LIVRY-GARGAN,3711.0
GARGENVILLE,3051.0
MASSY,4437.0
MARINES,3299.0
SAINT-SOUPPLETS,2880.0
QUINCY-SOUS-SENART,3637.0
FONTAINE-FOURCHES,1622.0
BOISSY-SOUS-SAINT-YON,3350.0
ICHY,1958.0
LA GENEVRAYE,2603.0
LA QUEUE-EN-BRIE,3559.0
DOMONT,3858.0
BARBEY,1419.0
ARNOUVILLE,3514.0
JOUY-SUR-MORIN,1943.0
VALMONDOIS,4010.0
CHATENAY-SUR-SEINE,1854.0
VARENNES-SUR-SEINE,2470.0
SAINT-MARTIN-DES-CHAMPS,3240.0
VIENNE-EN-ARTHIES,2513.0
FERRIERES-EN-BRIE,4295.0
FLAGY,2546.0
LIVILLIERS,3259.0
SAVIGNY-SUR-ORGE,4086.0
LE PRE-SAINT-GERVAIS,7147.0
VILLIERS-EN-BIERE,6201.0
LISSY,2445.0
MORMANT,2659.0
BOUVILLE,2627.0
MAGNY-EN-VEXIN,2856.0
PRECY-SUR-MARNE,3220.0
LEUDON-EN-BRIE,2102.0
ORSONVILLE,2427.0
SOURDUN,1617.0
EPIAIS-LES-LOUVRES,2976.0
DAMMARTIN-EN-GOELE,3305.0
AULNAY-SUR-MAULDRE,3051.0
BETON-BAZOCHES,1849.0
SAINT-OUEN-SUR-MORIN,2072.0
SAINT-FIACRE,3128.0
BAGNEAUX-SUR-LOING,1797.0
EGLIGNY,1872.0
NEUILLY-PLAISANCE,4766.0
GIRONVILLE,1239.0
MAREIL-EN-FRANCE,3243.0
LES ESSARTS-LE-ROI,3451.0
AUVERS-SAINT-GEORGES,3081.0
SAMOREAU,3620.0
JAGNY-SOUS-BOIS,2485.0
ECOUEN,3476.0
NEUILLY-SUR-SEINE,11762.0
MESSY,3466.0
LE VAUDOUE,3145.0
SANTENY,3615.0
THIAIS,4477.0
FREMECOURT,2968.0
MILON-LA-CHAPELLE,11187.0
CHAUFFRY,1855.0
VILLIERS-SAINT-GEORGES,1578.0
LA FALAISE,2636.0
MORTCERF,3008.0
JANVILLE-SUR-JUINE,3581.0
SOISY-SUR-ECOLE,3434.0
VELIZY-VILLACOUBLAY,6349.0
COULOMMES,2686.0
CHAMPIGNY-SUR-MARNE,4693.0
PRESLES,3796.0
LE PECQ,5958.0
VILLECRESNES,3896.0
L'HAY-LES-ROSES,5393.0
GENICOURT,3433.0
ROISSY-EN-FRANCE,3737.0
SARTROUVILLE,5295.0
MOUSSY-LE-NEUF,3267.0
SAINT-SIMEON,2089.0
CHOISEL,4102.0
SAINT-LEGER,1335.0
BAILLET-EN-FRANCE,3343.0
NEUILLY-EN-VEXIN,4376.0
MONTCHAUVET,2967.0
CONGIS-SUR-THEROUANNE,2521.0
LUMIGNY-NESLES-ORMEAUX,2616.0
SAINT-MICHEL-SUR-ORGE,3404.0
PUSSAY,2092.0
NANTERRE,6309.0
NANTEAU-SUR-LUNAIN,2324.0
ORGERUS,3241.0
CHEVRAINVILLIERS,2102.0
SAINT-YON,2983.0
YERRES,4267.0
HARAVILLIERS,2732.0
NEMOURS,2314.0
BOISEMONT,3269.0
NERVILLE-LA-FORET,2609.0
LIZINES,1421.0
GREZ-SUR-LOING,2684.0
FONTENAY-SAINT-PERE,3019.0
COUPVRAY,3796.0
LOUVRES,3364.0
ARRONVILLE,3044.0
SANCY-LES-PROVINS,1554.0
ABLON-SUR-SEINE,3710.0
MAROLLES-SUR-SEINE,2031.0
MOUSSEAUX-LES-BRAY,1752.0
IVRY-SUR-SEINE,5815.0
CERNAY-LA-VILLE,3260.0
VIEUX-CHAMPAGNE,1893.0
BOIS-COLOMBES,7596.0
SURVILLIERS,3232.0
SAINT-DENIS,4280.0
SAINT-NOM-LA-BRETECHE,5178.0
DRAVEIL,3809.0
SAINT-MAMMES,2745.0
VAUX-LE-PENIL,3086.0
RICHARVILLE,2608.0
MONTRY,3792.0
CESSON,3215.0
VULAINES-LES-PROVINS,1682.0
MOUSSEAUX-SUR-SEINE,2499.0
CORBEIL-ESSONNES,2928.0
ORSAY,4696.0
CHARMENTRAY,2979.0
MAROLLES-EN-BEAUCE,1491.0
CHAUSSY,2571.0
CHAUFOUR-LES-BONNIERES,1984.0
VENDREST,1919.0
MEREVILLE,2270.0
BOISSY-AUX-CAILLES,2331.0
POISSY,4546.0
MANDRES-LES-ROSES,3434.0
JOUARRE,2304.0
NEUVILLE-SUR-OISE,3664.0
SAINT-GERMAIN-SUR-MORIN,3703.0
SAINT-LEU-LA-FORET,4390.0
OTHIS,3203.0
BRUYERES-LE-CHATEL,3240.0
PERTHES,3451.0
GIRONVILLE-SUR-ESSONNE,2837.0
LES PAVILLONS-SOUS-BOIS,3798.0
LES ALLUETS-LE-ROI,4090.0
FLACOURT,2043.0
SENLISSE,3903.0
ISLES-LES-MELDEUSES,2485.0
CHAMBOURCY,4809.0
BURCY,1795.0
SAINT-OUEN-L'AUMONE,3430.0
CLOS-FONTAINE,2528.0
LE TREMBLAY-SUR-MAULDRE,3678.0
BOITRON,1744.0
VINANTES,3328.0
GRIGNY,2980.0
JAIGNES,2191.0
GRETZ-ARMAINVILLIERS,3607.0
VOULANGIS,3299.0
SAINT-MARTIN-DE-BRETHENCOURT,2118.0
CHILLY-MAZARIN,3935.0
DUGNY,2984.0
SAINT-ILLIERS-LA-VILLE,2059.0
ROSNY-SOUS-BOIS,4644.0
NANGIS,2301.0
MARY-SUR-MARNE,2466.0
LE TERTRE-SAINT-DENIS,3181.0
JOUY-LE-CHATEL,2270.0
MONTGERON,4225.0
MONTMORENCY,4611.0
ROMAINVILLE,6155.0
SAINT-MAURICE-MONTCOURONNE,3006.0
LES CLAYES-SOUS-BOIS,3971.0
GADANCOURT,
SAINT-JEAN-DE-BEAUREGARD,3972.0
GIF-SUR-YVETTE,4483.0
CHEVRY-EN-SEREINE,1829.0
LE MESNIL-AMELOT,2802.0
CHALMAISON,1786.0
LA BROSSE-MONTCEAUX,2132.0
LA HAUTEVILLE,5486.0
PONTAULT-COMBAULT,3997.0
DAMMARTIN-SUR-TIGEAUX,2947.0
VINCENNES,9601.0
COURSON-MONTELOUP,3337.0
CHAILLY-EN-BIERE,2912.0
SAINT-SULPICE-DE-FAVIERES,3718.0
MONTCOURT-FROMONVILLE,2394.0
NANTOUILLET,2963.0
PORCHEVILLE,2975.0
LIMEIL-BREVANNES,3722.0
PRINGY,3004.0
BERVILLE,2654.0
BESSANCOURT,4068.0
LESCHEROLLES,1873.0
ROINVILLE,2723.0
VILLEJUIF,5791.0
NONVILLE,3174.0
SAINT-GERMAIN-DE-LA-GRANGE,3599.0
CHENOISE,1895.0
HERBEVILLE,4336.0
CHOISY-LE-ROI,4266.0
ANNET-SUR-MARNE,3489.0
US,3299.0
BRANSLES,1563.0
CHALAUTRE-LA-GRANDE,1574.0
GOMMECOURT,1986.0
BOUTIGNY,2708.0
AVON,3585.0
PARIS-17E-ARRONDISSEMENT,11386.0
VINCY-MANOEUVRE,2538.0
LESIGNY,3721.0
CHATILLON-LA-BORDE,1936.0
EAUBONNE,4735.0
NOISY-LE-SEC,4409.0
THENISY,1305.0
LA MADELEINE-SUR-LOING,1945.0
CHAPET,2973.0
SAINT-AUBIN,4551.0
MONDEVILLE,2505.0
ARGENTIERES,2646.0
CHATENAY-EN-FRANCE,2957.0
D'HUISON-LONGUEVILLE,2900.0
AUTHON-LA-PLAINE,2260.0
SAINT-VRAIN,3429.0
OMERVILLE,2699.0
LEVIS-SAINT-NOM,3730.0
MONTIGNY-LE-GUESDIER,1604.0
MESPUITS,2123.0
VIROFLAY,7209.0
LE HEAULME,3216.0
MAREIL-SUR-MAULDRE,3231.0
DAGNY,2115.0
MARGENCY,4453.0
EVRY-GREGY-SUR-YERRE,3340.0
BONNELLES,3534.0
VILLABE,3204.0
LA HOUSSAYE-EN-BRIE,2987.0
PAROY,1850.0
PARIS-14E-ARRONDISSEMENT,10802.0
VILLEMER,1764.0
MENOUVILLE,8830.0
ORMESSON-SUR-MARNE,4584.0
CHOISY-EN-BRIE,2204.0
BASSEVELLE,2701.0
MAROLLES-EN-HUREPOIX,3369.0
CHARTRONGES,1773.0
FAY-LES-NEMOURS,2274.0
VILLENEUVE-LE-ROI,3920.0
BOISDON,1804.0
LA VILLE-DU-BOIS,3675.0
DARVAULT,2266.0
EVERLY,1687.0
GONESSE,3327.0
GAILLON-SUR-MONTCIENT,2970.0
MEUDON,7511.0
AVRAINVILLE,3829.0
FEUCHEROLLES,4387.0
BREANCON,4465.0
MORTERY,2033.0
FONTAINE-LA-RIVIERE,2099.0
SAINT-ANGE-LE-VIEL,
ARPAJON,3342.0
RENNEMOULIN,7506.0
VILLENEUVE-SUR-BELLOT,1662.0
HODENT,2726.0
IVERNY,2852.0
VULAINES-SUR-SEINE,3134.0
PAMFOU,2871.0
CESSOY-EN-MONTOIS,1727.0
VILLEPINTE,3225.0
CANNES-ECLUSE,2189.0
VILLETTE,2870.0
LE PLESSIS-LUZARCHES,2898.0
